{"a1c": 2.4289969812241465, "a1da": 0.15436848531942193, "d1": 1.0647689002620906, "a2c": 1.1229416081622132, "a2da": 0.2826879906174839, "d2": 1.0283352804793975, "a3": 1.5984984537840763, "a3md": 3.7502375504423235, "a3mi": 2.1032413375193344, "d3": 0.25466937380504423, "a4th": 1.365530763442404, "d4": 0.9329657956177299, "a5": 6.6910625754418875, "a5cx": 0.16707770325973204, "a5sn": 0.009975473448223733, "d5": 1.6829132557653566, "G": 0.8082758909784473, "d6": 1.117341290671234, "a7": 1.1951252144496978, "d7": 1.9949116651007486, "a8": 60.44282560966436, "a8drn": 13.605463519037498, "d8": 9.235714459251298, "aOsc": 5.413267325250498, "fOsc": 6.149340578073864, "daOsc": 0.7335069244773824}